[
    {
        "fname": "Zane",
        "lname": "Ayo",
        "gender": "male",
        "age": 2
    },
    {
        "fname": "Christabel",
        "lname": "Juwon",
        "gender": "female",
        "age": 14
    },
    {
        "fname": "Faith",
        "lname": "Smith",
        "gender": "female",
        "age": 37
    },
    {
        "fname": "Mediniel",
        "lname": "Daniel",
        "gender":"female",
        "age": 42
    },
    {
        "fname": "Esther",
        "lname": "Joseph",
        "gender": "non-binary",
        "age": 68
    }

]